{
    "scenario_name" : "near ignore",
    "label" : "inject",
    "ego_id" : "2e966a70-4a19-44b5-a5e7-64e00a7bc5de",
    "lgsvl_map" : "SanFrancisco_correct",
    "apollo_map" : "SanFrancisco_correct",
    "agents" : {
        "ego" : {
            "position" : {"x": -392.839660644531, "y": 10.1996097564697, "z": 375.433532714844},
            "destination" : {"x": -439.832458496094, "y": 10.199610710144, "z": 420.341522216797},
            "speed" : 0
        },
        "npcs" : [
            {
                "type": "Jeep",
                "position" : {"x": -399.511901855469, "y": 10.2, "z": 403.340667724609},
                "destination": {"x": -415.670593261719, "y": 10.199610710144, "z": 402.202819824219},
                "action" : "turn",
                "speed" : 3
            },
            {
                "type": "Sedan",
                "position" : {"x": -414.593963623047, "y": 10.2, "z": 370.736999511719},
                "destination": {"x": -398.37353515625, "y": 10.199610710144, "z": 369.642242431641},
                "action" : "turn",
                "speed" : 3
            },
            {
                "type": "SUV",
                "position" : {"x": -421.072235107422, "y": 10.2, "z": 396.549499511719},
                "destination": {"x": -394.138824462891, "y": 10.199610710144, "z": 398.221557617188},
                "action" : "turn",
                "speed" : 4
            }
        ]
    },
    "environment" : {
        "rain" : 0,
        "fog" : 0,
        "wetness" : 0,
        "cloudiness" : 0,
        "time" : 6
    },
    "trafficlight_loc" : {
        "green" :[
            [-421.072235107422, 10.1996097564697, 396.549499511719]
        ],
        "red": []
    },
    "error_line_info":[
      [[-350.843017578125, 332.535186767578],[-394.221405029297, 373.987731933594]],
      [[-353.833068847656, 442.696960449219],[-395.285675048828, 399.318603515625]],
      [[-462.9033203125, 439.6220703125],[-419.524963378906, 398.169464111328]],
      [[-460.247711181641, 331.385070800781], [-418.795104980469, 374.763427734375]],
      [[-347.844787597656, 335.557312011719], [-391.457916259766, 376.879638671875]],
      [[-350.865875244141, 439.862976074219], [-392.318481445313, 396.484619140625]],
      [[-460.139831542969, 442.513977050781], [-416.761474609375, 401.061370849609]],
      [[-463.139617919922, 334.148559570313], [-421.68701171875, 377.526916503906]],
      [[-345.607360839844, 338.0205078125],[-388.985717773438, 379.473114013672]],
      [[-348.318481445313, 437.44140625], [-389.771087646484, 394.063049316406]],
      [[-457.667205810547, 445.101531982422],[-414.289245605469, 403.654907226563]],
      [[-466.032409667969, 336.912780761719], [-424.578887939453, 380.291748046875]]
    ]
}