{
    "scenario_name" : "straight not avoiding opposite turn left",
    "lgsvl_map" : "SanFrancisco_correct",
    "apollo_map" : "SanFrancisco_correct",
    "agents" : {
        "ego" : {
            "position" : {"x": -390.367065429688, "y": 10.1996097564697, "z": 378.021026611328},
            "destination" : {"x": -437.359832763672, "y": 10.199610710144, "z": 422.929077148438},
            "speed" : 5
        },
        "npcs" : [
            {
                "type": "Jeep",
                "position" : {"x": -421.072235107422, "y": 10.2, "z": 396.549499511719},
                "destination": {"x": -391.234008789063, "y": 10.199610710144, "z": 395.448150634766},
                "action" : "turn",
                "speed" : 6.5
            },
            {
                "type": "SUV",
                "position" : {"x": -396.731628417969, "y": 10.2, "z": 400.7001953125},
                "destination": {"x": -398.37353515625, "y": 10.199610710144, "z": 369.642242431641},
                "action" : "turn",
                "speed" : 6.5
            }
        ]
    },
    "environment" : {
        "rain" : 0,
        "fog" : 0,
        "wetness" : 0,
        "cloudiness" : 0,
        "time" : 6
    },
    "trafficlight_loc" : {
        "green" :[
            [-421.072235107422, 10.1996097564697, 396.549499511719]
        ],
        "red": []
    }
}