{
    "scenario_name" : "turn left not avoiding straight 2",
    "lgsvl_map" : "SanFrancisco_correct",
    "apollo_map" : "SanFrancisco_correct",
    "agents" : {
        "ego" : {
            "position" : {"x": -375.610260009766, "y": 10.1996097564697, "z": 359.137084960938},
            "destination" : {"x": -441.024810791016, "y": 10.199610710144, "z": 354.510986328125},
            "speed" : 10
        },
        "npcs" : [
            {
                "type": "Jeep",
                "position" : {"x": -396.731628417969, "y": 10.2, "z": 400.7001953125},
                "destination": {"x": -441.024810791016, "y": 10.199610710144, "z": 354.510986328125},
                "action" : "straight",
                "speed" : 1.6
            },
            {
                "type": "SUV",
                "position" : {"x": -423.6767578125, "y": 10.199610710144, "z": 393.823822021484},
                "destination": {"x": -376.684020996094, "y": 10.199610710144, "z": 348.916046142578},
                "action" : "straight",
                "speed" : 3
            }
        ]
    },
    "environment" : {
        "rain" : 0,
        "fog" : 0,
        "wetness" : 0,
        "cloudiness" : 0,
        "time" : 6
    },
    "trafficlight_loc" : {
        "green" :[
            [-421.072235107422, 10.1996097564697, 396.549499511719]
        ],
        "red": []
    }
}