{
    "scenario_name" : "turn left no giving way to crossing turning left vehicle",
    "lgsvl_map" : "SanFrancisco_correct",
    "apollo_map" : "SanFrancisco_correct",
    "agents" : {
        "ego" : {
            "position" : {"x": -385.60988134164035, "y": 10.2067356109619, "z": 368.5248533938843},
            "destination" : {"x": -441.024810791016, "y": 10.1996097564697, "z": 354.510986328125},
            "speed" : 9.2
        },
        "npcs" : [
            {
                "type": "Sedan",
                "position" : {"x": -413.175811767578, "y": 10.1996097564697, "z": 389.003784179688},
                "destination": {"x": -374.079437255859, "y": 10.1996097564697, "z": 351.641784667969},
                "action" : "straight",
                "speed" : 3
            },
            {
                "type": "SUV",
                "position" : {"x": -417.415374755859, "y": 10.1996097564697, "z": 373.430694580078},
                "destination": {"x": -418.143218994141, "y": 10.1996097564697, "z": 399.615264892578},
                "action" : "turn",
                "speed" : 2
            },
            {
                "type": "Hatchback",
                "position" : {"x": -424.844055175781, "y": 10.1996097564697, "z": 365.591735839844},
                "destination": {"x": -418.143218994141, "y": 10.1996097564697, "z": 399.615264892578},
                "action" : "turn",
                "speed" : 1.5
            }
        ]
    },
    "environment" : {
        "rain" : 0,
        "fog" : 0,
        "wetness" : 0,
        "cloudiness" : 0,
        "time" : 6
    },
    "trafficlight_loc" : {
        "green" :[
            [-421.072235107422, 10.1996097564697, 396.549499511719]
        ],
        "red": []
    }
}