{
    "scenario_name" : "straight not deaccelarate when opposite turning left",
    "lgsvl_map" : "SanFrancisco_correct",
    "apollo_map" : "SanFrancisco_correct",
    "agents" : {
        "ego" : {
            "position" : {"x": -532.3408203125, "y": 10.2067356109619, "z": 157.320022583008},
            "destination" : {"x": -439.736145019531, "y": 10.1996097564697, "z": 205.964859008789},
            "speed" : 0
        },
        "npcs" : [
            {
                "type": "Sedan",
                "position" : {"x": -501.50321003072935, "y": 10.1996097564697, "z": 206.68896886252338},
                "destination": {"x": -439.736145019531, "y": 10.1996097564697, "z": 205.964859008789},
                "action" : "turn",
                "speed" : 3
            },
            {
                "type": "SUV",
                "position" : {"x": -494.54499026443335, "y": 10.1996097564697, "z": 199.50682588957113},
                "destination": {"x": -444.04191615712324, "y": 10.1996097564697, "z": 150.97138002047933},
                "action" : "straight",
                "speed" : 3
            }
        ]
    },
    "environment" : {
        "rain" : 0,
        "fog" : 0,
        "wetness" : 0,
        "cloudiness" : 0,
        "time" : 6
    },
    "trafficlight_loc" : {
        "green" :[
            [-463.796844482422, 10.2040853500366, 184.508453369141]
        ],
        "red": [

        ]
    }
}