{
    "scenario_name" : "force cut",
    "lgsvl_map" : "SanFrancisco_correct",
    "apollo_map" : "SanFrancisco_correct",
    "agents" : {
        "ego" : {
            "position" : {"x": -349.461120605469, "y": 10.1996097564697, "z": 333.981079101563},
            "destination" : {"x": -390.367065429688, "y": 10.199610710144, "z": 378.021026611328},
            "speed" : 0
        },
        "npcs" : [

        ]
    },
    "environment" : {
        "rain" : 0,
        "fog" : 0,
        "wetness" : 0,
        "cloudiness" : 0,
        "time" : 6
    },
    "trafficlight_loc" : {
        "green" :[
            [-421.072235107422, 10.1996097564697, 396.549499511719]
        ],
        "red": []
    }
}