{
    "scenario_name" : "cannot evade opposite large vehicle",
    "lgsvl_map" : "SanFrancisco_correct",
    "apollo_map" : "SanFrancisco_correct",
    "agents" : {
        "ego" : {
            "position" : {"x": -349.461120605469, "y": 10.1996097564697, "z": 333.981079101563},
            "destination" : {"x": -392.839660644531, "y": 10.1996097564697, "z": 375.433532714844},
            "speed" : 5
        },
        "npcs" : [
            {
                "type": "BoxTruck",
                "position" : {"x": -395.768859863281, "y": 10.2, "z": 372.367950439453},
                "destination": {"x": -349.461120605469, "y": 10.1996097564697, "z": 333.981079101563},
                "action" : "straight",
                "speed" : 5.5
            }
        ]
    },
    "environment" : {
        "rain" : 0,
        "fog" : 0,
        "wetness" : 0,
        "cloudiness" : 0,
        "time" : 6
    },
    "trafficlight_loc" : {
        "green" :[
            [-421.072235107422, 10.1996097564697, 396.549499511719]
        ],
        "red": []
    }
}