{
    "scenario_name" : "muti route turn",
    "lgsvl_map" : "SanFrancisco_correct",
    "apollo_map" : "SanFrancisco_correct",
    "agents" : {
        "ego" : {

            "position_" : {"x": -381.49853515625, "y": 10.2067356109619, "z": 367.63818359375},
            "position" : {"x": -347.076721191406, "y": 10.2067356109619, "z": 336.961761474609},
            "destination" : {"x": -441.024810791016, "y": 10.199610710144, "z": 354.510986328125}
        },
        "npcs" : [

        ]
    },
    "environment" : {
        "rain" : 0,
        "fog" : 0,
        "wetness" : 0,
        "cloudiness" : 0,
        "time" : 6
    }
}