{
    "scenario_name" : "turn left not avoiding straight",
    "lgsvl_map" : "SanFrancisco_correct",
    "apollo_map" : "SanFrancisco_correct",
    "agents" : {
        "ego" : {
            "position" : {"x": -392.839660644531, "y": 10.1996097564697, "z": 375.433532714844},
            "destination" : {"x": -441.024810791016, "y": 10.199610710144, "z": 354.510986328125},
            "speed" : 3.9
        },
        "npcs" : [
            {
                "type": "Jeep",
                "position" : {"x": -376.021881103516, "y": 10.2, "z": 422.406066894531},
                "destination": {"x": -441.024810791016, "y": 10.199610710144, "z": 354.510986328125},
                "action" : "straight",
                "speed" : 6.3
            }
        ]
    },
    "environment" : {
        "rain" : 0,
        "fog" : 0,
        "wetness" : 0,
        "cloudiness" : 0,
        "time" : 6
    },
    "trafficlight_loc" : {
        "green" :[
            [-421.072235107422, 10.1996097564697, 396.549499511719]
        ],
        "red": []
    }
}