{
    "scenario_name" : "straight no deaccerlation",
    "lgsvl_map" : "SanFrancisco_correct",
    "apollo_map" : "SanFrancisco_correct",
    "agents" : {
        "ego" : {
            "position" : {"x": 550.9341391218439, "y": 10.1996097564697, "z": 127.41312728015153},
            "destination" : {"x": 447.671633320552, "y": 10.199610710144, "z": 106.94106951921049},
            "speed" : 0
        },
        "npcs" : [
        ]
    },
    "environment" : {
        "rain" : 0,
        "fog" : 0,
        "wetness" : 0,
        "cloudiness" : 0,
        "time" : 6
    },
    "trafficlight_loc" : {
        "green" :[
            [474.140686035156, 15.9500017166138, 53.5875549316406]
        ],
        "red": []
    }
}