{
    "junction": [[330.8771327359393, -122.58593370994546],[333.890563964844, -118.965950012207]],
    "straight": [345.5928969391938, -74.80101815711654]
}