{
    "4des": [
        [-439.736145019531, 10.2041730880737, 205.964859008789],
        [-442.7760235997127, 10.2076635360718, 208.58783060203524]
    ],
    "2f": [
        [-494.54499026443335, 10.2076635360718, 199.50682588957113],
        [-501.50321003072935, 10.2076635360718, 206.68896886252338]
    ],
    "4start": [
        [-532.3408203125, 10.204252243042, 157.320022583008]
    ],
    "2t": [[-444.04191615712324, 10.2076635360718, 150.97138002047933]
    ]
}