{
    "scenario_name" : "straight not deaccelarate when opposite turning left",
    "lgsvl_map" : "SanFrancisco_correct",
    "apollo_map" : "SanFrancisco_correct",
    "agents" : {
        "ego" : {
            "position" : {"x": -513.4506178928144, "y": 10.2067356109619, "z": 286.9163105935236},
            "destination" : {"x": -568.843933105469, "y": 10.1996097564697, "z": 248.631561279297},
            "speed" : 12
        },
        "npcs" : [
            {
                "type": "Sedan",
                "position" : {"x": -572.429809570313, "y": 10.1996097564697, "z": 240.396697998047},
                "destination": {"x": -559.108215332031, "y": 10.1996097564697, "z": 266.850158691406},
                "action" : "turn",
                "speed" : 3
            }
        ]
    },
    "environment" : {
        "rain" : 0,
        "fog" : 0,
        "wetness" : 0,
        "cloudiness" : 0,
        "time" : 6
    },
    "trafficlight_loc" : {
        "green" :[
            [-568.843933105469, 10.1996097564697, 248.631561279297]
        ],
        "red": [

        ]
    }
}