{
    "scenario_name" : "turn right not avoiding straight vehicle",
    "lgsvl_map" : "TestMap_okz",
    "apollo_map" : "TestMap",
    "agents" : {
        "ego" : {
            "position" : {"x": 3.49845862388611, "y": 10.2067356109619, "z": 38.8393669128418},
            "destination" : {"x": 18.2023410797119, "y": 10.1996097564697, "z": 48.9221801757813},
            "speed" : 3.5
        },
        "npcs" : [
            {
                "type": "SUV",
                "position" : {"x": -34.796820939478174, "y": 10.1996097564697, "z": 48.62427431748408},
                "destination": {"x": 18.2023410797119, "y": 10.1996097564697, "z": 48.9221801757813},
                "action" : "straight",
                "speed" : 9
            }
        ]
    },
    "environment" : {
        "rain" : 0,
        "fog" : 0,
        "wetness" : 0,
        "cloudiness" : 0,
        "time" : 6
    },
    "trafficlight_loc" : {
        "green" :[
            [3.53999280929565, 5.48799991607666, 58.9410057067871],
            [-7.75000905990601, 5.57800006866455, 56.7000122070313],
            [7.72999334335327, 5.47800016403198, 49.8700065612793]
        ],
        "red": []
    }
}